<?xml version="1.0" encoding="utf-8"?>
<theme version="php">
<id>um_blog</id>
<name>优美免费响应式主题</name>
<url>http://www.umhtml.com/</url>
<note>优美简洁版响应式免费主题</note>
<description>优美尚品简洁版免费响应式主题,简单便捷</description>
<path></path>
<include>include.php</include>
<level>1</level>
<author>
  <name>yibin616</name>
  <email>yibin616@qq.com</email>
  <url>http://www.umhtml.com/</url>
</author>
<source>
  <name>yibin</name>
  <email>yibin616@qq.com</email>
  <url>http://www.umhtml.com/</url>
</source>
<adapted>151740</adapted>
<version>1.3</version>
<pubdate>2018-04-10</pubdate>
<modified>2018-08-24</modified>
<price>0</price>
<phpver>5.2</phpver>
<advanced>
  <dependency></dependency>
  <rewritefunctions></rewritefunctions>
  <existsfunctions></existsfunctions>
  <conflict></conflict>
</advanced>
<sidebars>
  <sidebar1></sidebar1>
  <sidebar2></sidebar2>
  <sidebar3></sidebar3>
  <sidebar4></sidebar4>
  <sidebar5></sidebar5>
</sidebars>
</theme>