<?xml version="1.0" encoding="utf-8"?>
<theme version="php">
<id>wzdir</id>
<name>ZBLOG网站导航主题</name>
<url>https://www.laobuluo.com/2850.html</url>
<note>简单且支持内页详情目录模板</note>
<description>基于ZBLOG PHP内核，可以用于网赚、创业、站长、行业等目录网站使用的免费主题。</description>
<path></path>
<include></include>
<level>1</level>
<author>
  <name>老部落（By老蒋）</name>
  <email>laobuluo@outlook.com</email>
  <url>https://www.laobuluo.com/</url>
</author>
<source>
  <name></name>
  <email></email>
  <url></url>
</source>
<adapted>151740</adapted>
<version>1.0</version>
<pubdate>2019-08-15</pubdate>
<modified>2019-08-15</modified>
<price>0</price>
<phpver>5.3</phpver>
<advanced>
  <dependency></dependency>
  <rewritefunctions></rewritefunctions>
  <existsfunctions></existsfunctions>
  <conflict></conflict>
</advanced>
<sidebars>
  <sidebar1></sidebar1>
  <sidebar2></sidebar2>
  <sidebar3></sidebar3>
  <sidebar4></sidebar4>
  <sidebar5></sidebar5>
</sidebars>
</theme>